{
  "summary": {
    "sim_time_ms": 440000,
    "total_requests": 96698,
    "scale_up_events": 10,
    "scale_down_events": 0,
    "scale_up_targets_added": 10,
    "scale_down_targets_removed": 0,
    "wall_runtime_seconds": 2.267221450805664
  },
  "retries_histogram": {
    "0": 96062,
    "1": 576,
    "2": 52,
    "3": 8
  },
  "per_target_concurrency_percentiles": {
    "p100": 8.0,
    "p99": 8.0,
    "p90": 6.0,
    "p80": 5.0,
    "p50": 4.0
  },
  "per_target_cpu_util_percentiles": {
    "p100": 0.9894403927232286,
    "p99": 0.7995810617209733,
    "p90": 0.6162635584179418,
    "p80": 0.5317657507900985,
    "p50": 0.3771452634791926
  },
  "fleet_size_percentiles": {
    "p100": 14.0,
    "p99": 14.0,
    "p90": 12.0,
    "p80": 12.0,
    "p50": 9.0
  },
  "request_duration_percentiles_ms": {
    "p100": 815.0,
    "p99": 319.0,
    "p90": 189.0,
    "p80": 152.0,
    "p50": 100.0
  },
  "request_latency_percentiles_ms": {
    "p100": 815.0,
    "p99": 320.0,
    "p90": 190.0,
    "p80": 152.0,
    "p50": 100.0
  },
  "samples": {
    "num_decision_events": 97402,
    "num_fleet_samples": 97402,
    "num_target_concurrency_samples": 946683,
    "num_target_cpu_util_samples": 946683
  },
  "per_target_metrics": {
    "1": {
      "total_requests": 10672,
      "concurrency_percentiles": {
        "p100": 8.0,
        "p99": 8.0,
        "p90": 6.0,
        "p80": 5.0,
        "p50": 4.0
      },
      "cpu_util_percentiles": {
        "p100": 0.9486119732787524,
        "p99": 0.7960660612247189,
        "p90": 0.6027678901728968,
        "p80": 0.5192398921951547,
        "p50": 0.3605968471083101
      },
      "request_duration_percentiles_ms": {
        "p100": 667.0,
        "p99": 319.28999999999905,
        "p90": 187.0,
        "p80": 152.0,
        "p50": 100.0
      },
      "request_latency_percentiles_ms": {
        "p100": 667.0,
        "p99": 319.28999999999905,
        "p90": 187.0,
        "p80": 152.0,
        "p50": 100.0
      }
    },
    "2": {
      "total_requests": 10678,
      "concurrency_percentiles": {
        "p100": 8.0,
        "p99": 8.0,
        "p90": 6.0,
        "p80": 5.0,
        "p50": 4.0
      },
      "cpu_util_percentiles": {
        "p100": 0.9716067266396096,
        "p99": 0.7911533134546608,
        "p90": 0.6006482014501218,
        "p80": 0.5188480045316551,
        "p50": 0.3651077857323377
      },
      "request_duration_percentiles_ms": {
        "p100": 663.0,
        "p99": 317.0,
        "p90": 190.0,
        "p80": 153.0,
        "p50": 100.0
      },
      "request_latency_percentiles_ms": {
        "p100": 663.0,
        "p99": 317.0,
        "p90": 190.0,
        "p80": 153.0,
        "p50": 100.0
      }
    },
    "3": {
      "total_requests": 10674,
      "concurrency_percentiles": {
        "p100": 8.0,
        "p99": 8.0,
        "p90": 6.0,
        "p80": 5.0,
        "p50": 4.0
      },
      "cpu_util_percentiles": {
        "p100": 0.9349718471666125,
        "p99": 0.7896405581578121,
        "p90": 0.6015058226487967,
        "p80": 0.5213569455675634,
        "p50": 0.3661887777813776
      },
      "request_duration_percentiles_ms": {
        "p100": 788.0,
        "p99": 323.0,
        "p90": 189.0,
        "p80": 152.0,
        "p50": 99.0
      },
      "request_latency_percentiles_ms": {
        "p100": 788.0,
        "p99": 323.0,
        "p90": 189.0,
        "p80": 152.0,
        "p50": 99.0
      }
    },
    "4": {
      "total_requests": 10684,
      "concurrency_percentiles": {
        "p100": 8.0,
        "p99": 8.0,
        "p90": 6.0,
        "p80": 5.0,
        "p50": 4.0
      },
      "cpu_util_percentiles": {
        "p100": 0.9515525330003984,
        "p99": 0.7918590597161724,
        "p90": 0.6113959561813231,
        "p80": 0.5232131404804495,
        "p50": 0.3632825853087366
      },
      "request_duration_percentiles_ms": {
        "p100": 676.0,
        "p99": 321.1700000000001,
        "p90": 191.0,
        "p80": 152.0,
        "p50": 100.0
      },
      "request_latency_percentiles_ms": {
        "p100": 676.0,
        "p99": 321.1700000000001,
        "p90": 191.0,
        "p80": 152.0,
        "p50": 100.0
      }
    },
    "5": {
      "total_requests": 10683,
      "concurrency_percentiles": {
        "p100": 8.0,
        "p99": 8.0,
        "p90": 6.0,
        "p80": 5.0,
        "p50": 4.0
      },
      "cpu_util_percentiles": {
        "p100": 0.9714650120772608,
        "p99": 0.7899908761964479,
        "p90": 0.6053161262195477,
        "p80": 0.5189308561446491,
        "p50": 0.3598164838198366
      },
      "request_duration_percentiles_ms": {
        "p100": 612.0,
        "p99": 313.0,
        "p90": 190.0,
        "p80": 152.0,
        "p50": 99.0
      },
      "request_latency_percentiles_ms": {
        "p100": 612.0,
        "p99": 313.1800000000003,
        "p90": 190.0,
        "p80": 152.0,
        "p50": 99.0
      }
    },
    "6": {
      "total_requests": 10686,
      "concurrency_percentiles": {
        "p100": 8.0,
        "p99": 8.0,
        "p90": 6.0,
        "p80": 5.0,
        "p50": 4.0
      },
      "cpu_util_percentiles": {
        "p100": 0.9330969213237443,
        "p99": 0.801468913750308,
        "p90": 0.6076905788764176,
        "p80": 0.5202364802790566,
        "p50": 0.3631667282413076
      },
      "request_duration_percentiles_ms": {
        "p100": 658.0,
        "p99": 314.0,
        "p90": 190.0,
        "p80": 153.0,
        "p50": 99.0
      },
      "request_latency_percentiles_ms": {
        "p100": 658.0,
        "p99": 314.14999999999964,
        "p90": 190.0,
        "p80": 153.0,
        "p50": 99.0
      }
    },
    "7": {
      "total_requests": 7333,
      "concurrency_percentiles": {
        "p100": 8.0,
        "p99": 8.0,
        "p90": 6.0,
        "p80": 5.0,
        "p50": 4.0
      },
      "cpu_util_percentiles": {
        "p100": 0.9239076257478785,
        "p99": 0.79949890080298,
        "p90": 0.6203281115271875,
        "p80": 0.5380172074450542,
        "p50": 0.38815125275500106
      },
      "request_duration_percentiles_ms": {
        "p100": 707.0,
        "p99": 320.0,
        "p90": 188.0,
        "p80": 152.0,
        "p50": 100.0
      },
      "request_latency_percentiles_ms": {
        "p100": 707.0,
        "p99": 323.3600000000006,
        "p90": 188.0,
        "p80": 152.0,
        "p50": 100.0
      }
    },
    "8": {
      "total_requests": 7335,
      "concurrency_percentiles": {
        "p100": 8.0,
        "p99": 8.0,
        "p90": 6.0,
        "p80": 5.0,
        "p50": 4.0
      },
      "cpu_util_percentiles": {
        "p100": 0.9381509529136394,
        "p99": 0.8039434917250093,
        "p90": 0.623955588018925,
        "p80": 0.5406981481252358,
        "p50": 0.3895192424479314
      },
      "request_duration_percentiles_ms": {
        "p100": 638.0,
        "p99": 322.2999999999993,
        "p90": 191.0,
        "p80": 152.0,
        "p50": 100.0
      },
      "request_latency_percentiles_ms": {
        "p100": 638.0,
        "p99": 324.65999999999985,
        "p90": 191.0,
        "p80": 152.0,
        "p50": 100.0
      }
    },
    "9": {
      "total_requests": 7338,
      "concurrency_percentiles": {
        "p100": 8.0,
        "p99": 8.0,
        "p90": 6.0,
        "p80": 5.0,
        "p50": 4.0
      },
      "cpu_util_percentiles": {
        "p100": 0.9894403927232286,
        "p99": 0.809990717886121,
        "p90": 0.6374863291171764,
        "p80": 0.5480039461411149,
        "p50": 0.3927468366777919
      },
      "request_duration_percentiles_ms": {
        "p100": 597.0,
        "p99": 317.0,
        "p90": 190.0,
        "p80": 151.0,
        "p50": 99.0
      },
      "request_latency_percentiles_ms": {
        "p100": 597.0,
        "p99": 318.0,
        "p90": 190.30000000000018,
        "p80": 151.0,
        "p50": 99.0
      }
    },
    "10": {
      "total_requests": 4043,