{
  "summary": {
    "sim_time_ms": 70000,
    "total_requests": 4213,
    "scale_up_events": 0,
    "scale_down_events": 0,
    "scale_up_targets_added": 0,
    "scale_down_targets_removed": 0,
    "wall_runtime_seconds": 0.13118743896484375
  },
  "retries_histogram": {
    "0": 4213
  },
  "per_target_concurrency_percentiles": {
    "p100": 7.0,
    "p99": 6.0,
    "p90": 5.0,
    "p80": 4.0,
    "p50": 3.0
  },
  "per_target_cpu_util_percentiles": {
    "p100": 0.757369221219299,
    "p99": 0.638096681836207,
    "p90": 0.504173313676418,
    "p80": 0.4408171465582542,
    "p50": 0.31145158995840383
  },
  "fleet_size_percentiles": {
    "p100": 4.0,
    "p99": 4.0,
    "p90": 4.0,
    "p80": 4.0,
    "p50": 4.0
  },
  "request_duration_percentiles_ms": {
    "p100": 596.0,
    "p99": 314.8800000000001,
    "p90": 191.0,
    "p80": 151.0,
    "p50": 99.0
  },
  "request_latency_percentiles_ms": {
    "p100": 596.0,
    "p99": 314.8800000000001,
    "p90": 191.0,
    "p80": 151.0,
    "p50": 99.0
  },
  "samples": {
    "num_decision_events": 4213,
    "num_fleet_samples": 4213,
    "num_target_concurrency_samples": 16852,
    "num_target_cpu_util_samples": 16852
  },
  "per_target_metrics": {
    "1": {
      "total_requests": 1227,
      "concurrency_percentiles": {
        "p100": 7.0,
        "p99": 6.0,
        "p90": 5.0,
        "p80": 5.0,
        "p50": 4.0
      },
      "cpu_util_percentiles": {
        "p100": 0.6987527576504092,
        "p99": 0.6392805042363272,
        "p90": 0.5361942709340243,
        "p80": 0.48451937207948237,
        "p50": 0.353960964187259
      },
      "request_duration_percentiles_ms": {
        "p100": 490.0,
        "p99": 312.70000000000005,
        "p90": 191.0,
        "p80": 150.0,
        "p50": 98.0
      },
      "request_latency_percentiles_ms": {
        "p100": 490.0,
        "p99": 312.70000000000005,
        "p90": 191.0,
        "p80": 150.0,
        "p50": 98.0
      }
    },
    "2": {
      "total_requests": 1112,
      "concurrency_percentiles": {
        "p100": 7.0,
        "p99": 6.0,
        "p90": 5.0,
        "p80": 4.0,
        "p50": 3.0
      },
      "cpu_util_percentiles": {
        "p100": 0.7522431223783922,
        "p99": 0.6790937264534871,
        "p90": 0.5168360535354323,
        "p80": 0.4575265462369174,
        "p50": 0.32300186508804457
      },
      "request_duration_percentiles_ms": {
        "p100": 596.0,
        "p99": 314.2300000000007,
        "p90": 187.0,
        "p80": 152.80000000000007,
        "p50": 98.0
      },
      "request_latency_percentiles_ms": {
        "p100": 596.0,
        "p99": 314.2300000000007,
        "p90": 187.0,
        "p80": 152.80000000000007,
        "p50": 98.0
      }
    },
    "3": {
      "total_requests": 977,
      "concurrency_percentiles": {
        "p100": 7.0,
        "p99": 6.0,
        "p90": 5.0,
        "p80": 4.0,
        "p50": 3.0
      },
      "cpu_util_percentiles": {
        "p100": 0.757369221219299,
        "p99": 0.6333362986115507,
        "p90": 0.49243270055805977,
        "p80": 0.4260351518567744,
        "p50": 0.29730357047809
      },
      "request_duration_percentiles_ms": {
        "p100": 590.0,
        "p99": 320.60000000000014,
        "p90": 195.39999999999998,
        "p80": 153.0,
        "p50": 102.0
      },
      "request_latency_percentiles_ms": {
        "p100": 590.0,
        "p99": 320.60000000000014,
        "p90": 195.39999999999998,
        "p80": 153.0,
        "p50": 102.0
      }
    },
    "4": {
      "total_requests": 897,
      "concurrency_percentiles": {
        "p100": 6.0,
        "p99": 6.0,
        "p90": 5.0,
        "p80": 4.0,
        "p50": 3.0
      },
      "cpu_util_percentiles": {
        "p100": 0.6592855844344686,
        "p99": 0.5669124659348702,
        "p90": 0.4570741958267756,
        "p80": 0.4087836545635018,
        "p50": 0.27999153007624883
      },
      "request_duration_percentiles_ms": {
        "p100": 457.0,
        "p99": 307.15999999999985,
        "p90": 192.0,
        "p80": 148.80000000000007,
        "p50": 98.0
      },
      "request_latency_percentiles_ms": {
        "p100": 457.0,
        "p99": 307.15999999999985,
        "p90": 192.0,
        "p80": 148.80000000000007,
        "p50": 98.0
      }
    }
  }
}